<?xml version="1.0" encoding="UTF-8"?>
<config xmlns="http://www.knime.org/2008/09/XMLConfig" xmlns:xsi="http://www.w3.org/2001/XMLSchema-instance" xsi:schemaLocation="http://www.knime.org/2008/09/XMLConfig http://www.knime.org/XMLConfig_2008_09.xsd" key="model.xml">
    <entry key="version" type="xint" value="1"/>
    <entry key="class_name" type="xstring" value="org.knime.base.data.normalize.NormalizerPortObject"/>
    <config key="model">
        <config key="columns">
            <config key="longitude">
                <entry key="column_name" type="xstring" value="longitude"/>
                <entry key="column_scale" type="xdouble" value="0.49911862550985475"/>
                <entry key="column_translate" type="xdouble" value="59.67946654137935"/>
                <entry key="column_min" type="xdouble" value="NaN"/>
                <entry key="column_max" type="xdouble" value="NaN"/>
            </config>
            <config key="latitude">
                <entry key="column_name" type="xstring" value="latitude"/>
                <entry key="column_scale" type="xdouble" value="0.46817522768322095"/>
                <entry key="column_translate" type="xdouble" value="-16.68195483969077"/>
                <entry key="column_min" type="xdouble" value="NaN"/>
                <entry key="column_max" type="xdouble" value="NaN"/>
            </config>
            <config key="housing_median_age">
                <entry key="column_name" type="xstring" value="housing_median_age"/>
                <entry key="column_scale" type="xdouble" value="0.07945615369776357"/>
                <entry key="column_translate" type="xdouble" value="-2.27558343593354"/>
                <entry key="column_min" type="xdouble" value="NaN"/>
                <entry key="column_max" type="xdouble" value="NaN"/>
            </config>
            <config key="total_rooms">
                <entry key="column_name" type="xstring" value="total_rooms"/>
                <entry key="column_scale" type="xdouble" value="4.5837596674046217E-4"/>
                <entry key="column_translate" type="xdouble" value="-1.2081704505334159"/>
                <entry key="column_min" type="xdouble" value="NaN"/>
                <entry key="column_max" type="xdouble" value="NaN"/>
            </config>
            <config key="total_bedrooms">
                <entry key="column_name" type="xstring" value="total_bedrooms"/>
                <entry key="column_scale" type="xdouble" value="0.002384404783792036"/>
                <entry key="column_translate" type="xdouble" value="-1.2800411377766063"/>
                <entry key="column_min" type="xdouble" value="NaN"/>
                <entry key="column_max" type="xdouble" value="NaN"/>
            </config>
            <config key="population">
                <entry key="column_name" type="xstring" value="population"/>
                <entry key="column_scale" type="xdouble" value="8.830317418839129E-4"/>
                <entry key="column_translate" type="xdouble" value="-1.2587412124336124"/>
                <entry key="column_min" type="xdouble" value="NaN"/>
                <entry key="column_max" type="xdouble" value="NaN"/>
            </config>
            <config key="households">
                <entry key="column_name" type="xstring" value="households"/>
                <entry key="column_scale" type="xdouble" value="0.0026155432387717724"/>
                <entry key="column_translate" type="xdouble" value="-1.3065676331304794"/>
                <entry key="column_min" type="xdouble" value="NaN"/>
                <entry key="column_max" type="xdouble" value="NaN"/>
            </config>
            <config key="median_income">
                <entry key="column_name" type="xstring" value="median_income"/>
                <entry key="column_scale" type="xdouble" value="0.5263651797188328"/>
                <entry key="column_translate" type="xdouble" value="-2.0373864380776125"/>
                <entry key="column_min" type="xdouble" value="NaN"/>
                <entry key="column_max" type="xdouble" value="NaN"/>
            </config>
            <config key="NEAR BAY">
                <entry key="column_name" type="xstring" value="NEAR BAY"/>
                <entry key="column_scale" type="xdouble" value="3.1839291606241296"/>
                <entry key="column_translate" type="xdouble" value="-0.3532557062901785"/>
                <entry key="column_min" type="xdouble" value="NaN"/>
                <entry key="column_max" type="xdouble" value="NaN"/>
            </config>
            <config key="&lt;1H OCEAN">
                <entry key="column_name" type="xstring" value="&lt;1H OCEAN"/>
                <entry key="column_scale" type="xdouble" value="2.0132452821164395"/>
                <entry key="column_translate" type="xdouble" value="-0.8911341520065782"/>
                <entry key="column_min" type="xdouble" value="NaN"/>
                <entry key="column_max" type="xdouble" value="NaN"/>
            </config>
            <config key="INLAND">
                <entry key="column_name" type="xstring" value="INLAND"/>
                <entry key="column_scale" type="xdouble" value="2.1483512442495125"/>
                <entry key="column_translate" type="xdouble" value="-0.681872529122022"/>
                <entry key="column_min" type="xdouble" value="NaN"/>
                <entry key="column_max" type="xdouble" value="NaN"/>
            </config>
            <config key="NEAR OCEAN">
                <entry key="column_name" type="xstring" value="NEAR OCEAN"/>
                <entry key="column_scale" type="xdouble" value="2.9854010898995242"/>
                <entry key="column_translate" type="xdouble" value="-0.38445717523996736"/>
                <entry key="column_min" type="xdouble" value="NaN"/>
                <entry key="column_max" type="xdouble" value="NaN"/>
            </config>
            <config key="ISLAND">
                <entry key="column_name" type="xstring" value="ISLAND"/>
                <entry key="column_scale" type="xdouble" value="64.25574055168455"/>
                <entry key="column_translate" type="xdouble" value="-0.015565828622016727"/>
                <entry key="column_min" type="xdouble" value="NaN"/>
                <entry key="column_max" type="xdouble" value="NaN"/>
            </config>
            <config key="rooms_per_household">
                <entry key="column_name" type="xstring" value="rooms_per_household"/>
                <entry key="column_scale" type="xdouble" value="0.404175433022717"/>
                <entry key="column_translate" type="xdouble" value="-2.1942683216800054"/>
                <entry key="column_min" type="xdouble" value="NaN"/>
                <entry key="column_max" type="xdouble" value="NaN"/>
            </config>
            <config key="bedrooms_per_room">
                <entry key="column_name" type="xstring" value="bedrooms_per_room"/>
                <entry key="column_scale" type="xdouble" value="15.326100954945293"/>
                <entry key="column_translate" type="xdouble" value="-3.276629952906652"/>
                <entry key="column_min" type="xdouble" value="NaN"/>
                <entry key="column_max" type="xdouble" value="NaN"/>
            </config>
            <config key="population_per_household">
                <entry key="column_name" type="xstring" value="population_per_household"/>
                <entry key="column_scale" type="xdouble" value="0.09628299903730353"/>
                <entry key="column_translate" type="xdouble" value="-0.29565188775990403"/>
                <entry key="column_min" type="xdouble" value="NaN"/>
                <entry key="column_max" type="xdouble" value="NaN"/>
            </config>
        </config>
        <entry key="summary" type="xstring" value="Z-Score (Gaussian) normalization on 16 column(s)"/>
    </config>
</config>
